,Model,MAE,MSE,RMSE,R2 Score,RMSLE,Adjusted R2 Score
0,LinearRegression,4623.409,49062056.15,7004.431,0.904672,8.854,0.904662
1,DecisionTreeRegressor,908.48,8814958.951,2969.0,0.982872,7.996,0.982871
2,RandomForestRegressor,894.364,5654952.964,2378.015,0.989012,7.774,0.989011
3,KNeighborsRegressor,12274.681,288415712.639,16982.806,0.439607,9.74,0.439544
4,ExtraTreesRegressor,944.994,6525460.142,2554.498,0.987321,7.846,0.98732
5,XGBRegressor,1684.303,9118745.443,3019.726,0.982282,8.013,0.98228
6,BaggingRegressor,926.944,6184181.61,2486.801,0.987984,7.819,0.987983
